{
  "wall_s": 18.055779976770282,
  "peak_mb": 2128,
  "index_size_mb": 128.4614715576172,
  "gtf_size_mb": 3172.786524772644
}